epoch	train/g_loss	train/lr
0	1.9861953	1e-04
1	1.5339321	1e-04
